{"min": [-0.968149, -0.40365, -0.706973], "max": [0.94759, 0.581056, 0.754962]}